hazard_type,index,applies_to,severity,direction,threshold,unit
cold,TAVG,generic,Moderate,<,18,°C
cold,TAVG,generic,Severe,<,10,°C
cold,TAVG,generic,Extreme,<,6,°C
dry,NDD,generic,Moderate,>,15,day
dry,NDD,generic,Severe,>,20,day
dry,NDD,generic,Extreme,>,25,day
dry,NDWS,generic,Moderate,>,15,day
dry,NDWS,generic,Severe,>,20,day
dry,NDWS,generic,Extreme,>,25,day
dry,PTOT,generic,Moderate,<,500,mm
dry,PTOT,generic,Severe,<,400,mm
dry,PTOT,generic,Extreme,<,300,mm
dry,TAI,generic,Moderate,>,40,unitless
dry,TAI,generic,Severe,>,60,unitless
dry,TAI,generic,Extreme,>,80,unitless
heat,HSH_max,generic,Moderate,>,27,°C
heat,HSH_max,generic,Severe,>,32,°C
heat,HSH_max,generic,Extreme,>,41,°C
heat,HSH_mean,generic,Moderate,>,27,°C
heat,HSH_mean,generic,Severe,>,32,°C
heat,HSH_mean,generic,Extreme,>,41,°C
heat,NTx35,generic,Moderate,>,7,day
heat,NTx35,generic,Severe,>,14,day
heat,NTx35,generic,Extreme,>,21,day
heat,NTx40,generic,Moderate,>,1,day
heat,NTx40,generic,Severe,>,5,day
heat,NTx40,generic,Extreme,>,10,day
heat,TAVG,generic,Moderate,>,33,°C
heat,TAVG,generic,Severe,>,36,°C
heat,TAVG,generic,Extreme,>,47,°C
heat,THI_max,cattle_highland,Moderate,>,72,°F
heat,THI_max,cattle_highland,Severe,>,79,°F
heat,THI_max,cattle_highland,Extreme,>,89,°F
heat,THI_max,cattle_tropical,Moderate,>,74,°F
heat,THI_max,cattle_tropical,Severe,>,82,°F
heat,THI_max,cattle_tropical,Extreme,>,94,°F
heat,THI_max,generic,Moderate,>,72,°F
heat,THI_max,generic,Severe,>,78,°F
heat,THI_max,generic,Extreme,>,89,°F
heat,THI_max,goats_highland,Moderate,>,72,°F
heat,THI_max,goats_highland,Severe,>,79,°F
heat,THI_max,goats_highland,Extreme,>,89,°F
heat,THI_max,goats_tropical,Moderate,>,74,°F
heat,THI_max,goats_tropical,Severe,>,82,°F
heat,THI_max,goats_tropical,Extreme,>,94,°F
heat,THI_max,pigs_highland,Moderate,>,75,°F
heat,THI_max,pigs_highland,Severe,>,79,°F
heat,THI_max,pigs_highland,Extreme,>,89,°F
heat,THI_max,pigs_tropical,Moderate,>,75,°F
heat,THI_max,pigs_tropical,Severe,>,79,°F
heat,THI_max,pigs_tropical,Extreme,>,92,°F
heat,THI_max,poultry_highland,Moderate,>,71,°F
heat,THI_max,poultry_highland,Severe,>,76,°F
heat,THI_max,poultry_highland,Extreme,>,89,°F
heat,THI_max,poultry_tropical,Moderate,>,74,°F
heat,THI_max,poultry_tropical,Severe,>,79,°F
heat,THI_max,poultry_tropical,Extreme,>,92,°F
heat,THI_max,sheep_highland,Moderate,>,72,°F
heat,THI_max,sheep_highland,Severe,>,78,°F
heat,THI_max,sheep_highland,Extreme,>,86,°F
heat,THI_max,sheep_tropical,Moderate,>,74,°F
heat,THI_max,sheep_tropical,Severe,>,81,°F
heat,THI_max,sheep_tropical,Extreme,>,93,°F
heat,THI_mean,cattle_highland,Moderate,>,72,°F
heat,THI_mean,cattle_highland,Severe,>,79,°F
heat,THI_mean,cattle_highland,Extreme,>,89,°F
heat,THI_mean,cattle_tropical,Moderate,>,74,°F
heat,THI_mean,cattle_tropical,Severe,>,82,°F
heat,THI_mean,cattle_tropical,Extreme,>,94,°F
heat,THI_mean,generic,Moderate,>,72,°F
heat,THI_mean,generic,Severe,>,78,°F
heat,THI_mean,generic,Extreme,>,89,°F
heat,THI_mean,goats_highland,Moderate,>,72,°F
heat,THI_mean,goats_highland,Severe,>,79,°F
heat,THI_mean,goats_highland,Extreme,>,89,°F
heat,THI_mean,goats_tropical,Moderate,>,74,°F
heat,THI_mean,goats_tropical,Severe,>,82,°F
heat,THI_mean,goats_tropical,Extreme,>,94,°F
heat,THI_mean,pigs_highland,Moderate,>,75,°F
heat,THI_mean,pigs_highland,Severe,>,79,°F
heat,THI_mean,pigs_highland,Extreme,>,89,°F
heat,THI_mean,pigs_tropical,Moderate,>,75,°F
heat,THI_mean,pigs_tropical,Severe,>,79,°F
heat,THI_mean,pigs_tropical,Extreme,>,92,°F
heat,THI_mean,poultry_highland,Moderate,>,71,°F
heat,THI_mean,poultry_highland,Severe,>,76,°F
heat,THI_mean,poultry_highland,Extreme,>,89,°F
heat,THI_mean,poultry_tropical,Moderate,>,74,°F
heat,THI_mean,poultry_tropical,Severe,>,79,°F
heat,THI_mean,poultry_tropical,Extreme,>,92,°F
heat,THI_mean,sheep_highland,Moderate,>,72,°F
heat,THI_mean,sheep_highland,Severe,>,78,°F
heat,THI_mean,sheep_highland,Extreme,>,86,°F
heat,THI_mean,sheep_tropical,Moderate,>,74,°F
heat,THI_mean,sheep_tropical,Severe,>,81,°F
heat,THI_mean,sheep_tropical,Extreme,>,93,°F
wet,NDWL0,generic,Moderate,>,2,day
wet,NDWL0,generic,Severe,>,5,day
wet,NDWL0,generic,Extreme,>,8,day
wet,PTOT,generic,Moderate,>,1200,mm
wet,PTOT,generic,Severe,>,1600,mm
wet,PTOT,generic,Extreme,>,1800,mm
