adm1_pcode,adm1_name,year,area_ha,production_t
KE001,Mombasa,2019,481,259
KE001,Mombasa,2020,606,803
KE001,Mombasa,2021,649,0
KE001,Mombasa,2022,842,272
KE001,Mombasa,2023,876,878
KE001,Mombasa,2024,867,770
KE002,Kwale,2019,65500,35485
KE002,Kwale,2020,56576,34061
KE002,Kwale,2021,56128,33815
KE002,Kwale,2022,23200,45428
KE002,Kwale,2023,60518,61037
KE002,Kwale,2024,58116,44127
KE003,Kilifi,2019,72499,45769
KE003,Kilifi,2020,71782,44585
KE003,Kilifi,2021,53943,26176
KE003,Kilifi,2022,72748,47780
KE003,Kilifi,2023,95674,81813
KE003,Kilifi,2024,51393,41907
KE004,Tana River,2019,5311,4471
KE004,Tana River,2020,5666,8222
KE004,Tana River,2021,4251,958
KE004,Tana River,2022,6673,8257
KE004,Tana River,2023,5734,5879
KE004,Tana River,2024,5063,14658
KE005,Lamu,2019,29350,53232
KE005,Lamu,2020,37500,28325
KE005,Lamu,2021,16820,4772
KE005,Lamu,2022,39502,59102
KE005,Lamu,2023,45800,74318
KE005,Lamu,2024,23154,48436
KE006,Taita Taveta,2019,17069,16698
KE006,Taita Taveta,2020,10006,16643
KE006,Taita Taveta,2021,12252,3360
KE006,Taita Taveta,2022,11464,10893
KE006,Taita Taveta,2023,13596,12393
KE006,Taita Taveta,2024,11426,13176
KE007,Garissa,2019,150,109
KE007,Garissa,2020,238,296
KE007,Garissa,2021,145,71
KE007,Garissa,2022,107,70
KE007,Garissa,2023,142,132
KE007,Garissa,2024,222,382
KE008,Wajir,2019,306,225
KE008,Wajir,2020,98,39
KE008,Wajir,2021,54,19
KE008,Wajir,2022,72,25
KE008,Wajir,2023,132,34
KE008,Wajir,2024,278,216
KE009,Mandera,2019,3071,964
KE009,Mandera,2020,3708,1847
KE009,Mandera,2021,3510,1818
KE009,Mandera,2022,3209,2160
KE009,Mandera,2023,3209,2738
KE009,Mandera,2024,2828,3113
KE010,Marsabit,2019,998,402
KE010,Marsabit,2020,1023,293
KE010,Marsabit,2021,658,46
KE010,Marsabit,2022,591,3
KE010,Marsabit,2023,2184,337
KE010,Marsabit,2024,1830,1089
KE011,Isiolo,2019,530,749
KE011,Isiolo,2020,586,42
KE011,Isiolo,2021,147,139
KE011,Isiolo,2022,129,94
KE011,Isiolo,2023,256,176
KE011,Isiolo,2024,288,576
KE012,Meru,2019,74577,96249
KE012,Meru,2020,67416,74757
KE012,Meru,2021,75058,53331
KE012,Meru,2022,66338,63157
KE012,Meru,2023,142379,151039
KE012,Meru,2024,136082,133150
KE013,Tharaka-Nithi,2019,24436,11943
KE013,Tharaka-Nithi,2020,18591,41601
KE013,Tharaka-Nithi,2021,25420,30352
KE013,Tharaka-Nithi,2022,23640,20668
KE013,Tharaka-Nithi,2023,26617,33808
KE013,Tharaka-Nithi,2024,37588,55426
KE014,Embu,2019,34100,28368
KE014,Embu,2020,35130,34650
KE014,Embu,2021,35925,31378
KE014,Embu,2022,34506,10077
KE014,Embu,2023,34500,41327
KE014,Embu,2024,34750,25659
KE015,Kitui,2019,76901,98046
KE015,Kitui,2020,87252,27960
KE015,Kitui,2021,79035,11508
KE015,Kitui,2022,62987,9183
KE015,Kitui,2023,83618,36292
KE015,Kitui,2024,89423,17845
KE016,Machakos,2019,125358,92034
KE016,Machakos,2020,133795,40927
KE016,Machakos,2021,144201,59321
KE016,Machakos,2022,134048,22597
KE016,Machakos,2023,138830,175493
KE016,Machakos,2024,158761,91910
KE017,Makueni,2019,139024,109434
KE017,Makueni,2020,146562,120000
KE017,Makueni,2021,150726,88013
KE017,Makueni,2022,132910,83018
KE017,Makueni,2023,136912,81363
KE017,Makueni,2024,155337,83506
KE018,Nyandarua,2019,13800,27795
KE018,Nyandarua,2020,17660,39170
KE018,Nyandarua,2021,14070,27958
KE018,Nyandarua,2022,20060,26836
KE018,Nyandarua,2023,20716,46617
KE018,Nyandarua,2024,14987,28698
KE019,Nyeri,2019,28874,29738
KE019,Nyeri,2020,26521,26251
KE019,Nyeri,2021,27067,19382
KE019,Nyeri,2022,26984,14323
KE019,Nyeri,2023,31317,35280
KE019,Nyeri,2024,29248,24832
KE020,Kirinyaga,2019,30406,45036
KE020,Kirinyaga,2020,30505,40281
KE020,Kirinyaga,2021,30373,24388
KE020,Kirinyaga,2022,30503,13547
KE020,Kirinyaga,2023,38467,49692
KE020,Kirinyaga,2024,28228,38468
KE021,Murang'a,2019,68329,74087
KE021,Murang'a,2020,66381,63653
KE021,Murang'a,2021,62983,49256
KE021,Murang'a,2022,67530,47434
KE021,Murang'a,2023,68399,56827
KE021,Murang'a,2024,54189,55488
KE022,Kiambu,2019,31447,83239
KE022,Kiambu,2020,31528,43259
KE022,Kiambu,2021,30371,25563
KE022,Kiambu,2022,29174,19655
KE022,Kiambu,2023,30537,29692
KE022,Kiambu,2024,33534,39471
KE023,Turkana,2019,8931,5689
KE023,Turkana,2020,2475,2582
KE023,Turkana,2021,1295,1154
KE023,Turkana,2022,3408,452
KE023,Turkana,2023,1750,1331
KE023,Turkana,2024,3704,4217
KE024,West Pokot,2019,36720,82849
KE024,West Pokot,2020,32354,23400
KE024,West Pokot,2021,34911,53193
KE024,West Pokot,2022,34780,52650
KE024,West Pokot,2023,49097,96010
KE024,West Pokot,2024,56403,96984
KE025,Samburu,2019,8580,1839
KE025,Samburu,2020,10320,9756
KE025,Samburu,2021,12425,12090
KE025,Samburu,2022,15870,11178
KE025,Samburu,2023,6448,15298
KE025,Samburu,2024,11572,9135
KE026,Trans Nzoia,2019,106549,426499
KE026,Trans Nzoia,2020,104850,489056
KE026,Trans Nzoia,2021,107090,407913
KE026,Trans Nzoia,2022,95140,339990
KE026,Trans Nzoia,2023,125065,448011
KE026,Trans Nzoia,2024,124976,423156
KE027,Uasin Gishu,2019,100081,324366
KE027,Uasin Gishu,2020,106999,456574
KE027,Uasin Gishu,2021,104645,385400
KE027,Uasin Gishu,2022,102820,359870
KE027,Uasin Gishu,2023,117923,476538
KE027,Uasin Gishu,2024,107009,483211
KE028,Elgeyo-Marakwet,2019,31779,104487
KE028,Elgeyo-Marakwet,2020,25856,87431
KE028,Elgeyo-Marakwet,2021,31351,86007
KE028,Elgeyo-Marakwet,2022,31713,72330
KE028,Elgeyo-Marakwet,2023,43133,150221
KE028,Elgeyo-Marakwet,2024,42182,117786
KE029,Nandi,2019,66627,184127
KE029,Nandi,2020,59746,165866
KE029,Nandi,2021,26825,64175
KE029,Nandi,2022,45674,89447
KE029,Nandi,2023,67429,159556
KE029,Nandi,2024,57812,179389
KE030,Baringo,2019,45171,70810
KE030,Baringo,2020,47437,68374
KE030,Baringo,2021,34709,59169
KE030,Baringo,2022,37894,50820
KE030,Baringo,2023,42501,94877
KE030,Baringo,2024,47457,83958
KE031,Laikipia,2019,25260,44843
KE031,Laikipia,2020,26470,39422
KE031,Laikipia,2021,24932,34520
KE031,Laikipia,2022,25055,7288
KE031,Laikipia,2023,29596,44264
KE031,Laikipia,2024,29240,51372
KE032,Nakuru,2019,76706,214784
KE032,Nakuru,2020,64963,206151
KE032,Nakuru,2021,87651,242825
KE032,Nakuru,2022,66315,213786
KE032,Nakuru,2023,71470,215412
KE032,Nakuru,2024,94421,201876
KE033,Narok,2019,111559,210005
KE033,Narok,2020,116717,202855
KE033,Narok,2021,121809,280273
KE033,Narok,2022,127460,271028
KE033,Narok,2023,132396,314403
KE033,Narok,2024,122245,224236
KE034,Kajiado,2019,17511,16189
KE034,Kajiado,2020,31384,15543
KE034,Kajiado,2021,4808,2864
KE034,Kajiado,2022,32159,13063
KE034,Kajiado,2023,33241,40733
KE034,Kajiado,2024,21906,40573
KE035,Kericho,2019,32050,85815
KE035,Kericho,2020,34397,92731
KE035,Kericho,2021,35068,98746
KE035,Kericho,2022,40530,85975
KE035,Kericho,2023,40643,111130
KE035,Kericho,2024,43908,134358
KE036,Bomet,2019,34476,74728
KE036,Bomet,2020,42763,73610
KE036,Bomet,2021,40480,58685
KE036,Bomet,2022,27597,43287
KE036,Bomet,2023,27250,63230
KE036,Bomet,2024,33491,52714
KE037,Kakamega,2019,95390,259003
KE037,Kakamega,2020,83773,226888
KE037,Kakamega,2021,98415,262506
KE037,Kakamega,2022,100641,154369
KE037,Kakamega,2023,87532,132572
KE037,Kakamega,2024,105181,212753
KE038,Vihiga,2019,28560,38208
KE038,Vihiga,2020,25134,30566
KE038,Vihiga,2021,22340,24191
KE038,Vihiga,2022,26142,25335
KE038,Vihiga,2023,24921,29659
KE038,Vihiga,2024,24771,34171
KE039,Bungoma,2019,94635,315711
KE039,Bungoma,2020,87960,317912
KE039,Bungoma,2021,93214,269443
KE039,Bungoma,2022,92464,275420
KE039,Bungoma,2023,92847,222912
KE039,Bungoma,2024,90297,207846
KE040,Busia,2019,61850,67445
KE040,Busia,2020,48150,69450
KE040,Busia,2021,33810,42028
KE040,Busia,2022,42476,64360
KE040,Busia,2023,44097,71237
KE040,Busia,2024,44204,77934
KE041,Siaya,2019,64387,75733
KE041,Siaya,2020,63493,72351
KE041,Siaya,2021,83933,53512
KE041,Siaya,2022,73521,76580
KE041,Siaya,2023,77550,115191
KE041,Siaya,2024,77660,143979
KE042,Kisumu,2019,50228,69956
KE042,Kisumu,2020,46307,67307
KE042,Kisumu,2021,62600,40990
KE042,Kisumu,2022,54125,34513
KE042,Kisumu,2023,62195,105003
KE042,Kisumu,2024,48400,58657
KE043,Homa Bay,2019,72793,102742
KE043,Homa Bay,2020,72097,92394
KE043,Homa Bay,2021,79608,82278
KE043,Homa Bay,2022,72215,86658
KE043,Homa Bay,2023,78795,115635
KE043,Homa Bay,2024,89172,146866
KE044,Migori,2019,80745,103965
KE044,Migori,2020,78222,95966
KE044,Migori,2021,95034,99598
KE044,Migori,2022,85628,92441
KE044,Migori,2023,78567,101474
KE044,Migori,2024,88449,148919
KE045,Kisii,2019,66625,144480
KE045,Kisii,2020,67286,132790
KE045,Kisii,2021,65876,96249
KE045,Kisii,2022,43735,79671
KE045,Kisii,2023,66221,119244
KE045,Kisii,2024,65900,41087
KE046,Nyamira,2019,46870,80693
KE046,Nyamira,2020,42730,67563
KE046,Nyamira,2021,43134,61937
KE046,Nyamira,2022,48280,76884
KE046,Nyamira,2023,48175,63424
KE046,Nyamira,2024,48580,89599
KE047,Nairobi,2019,725,1087
KE047,Nairobi,2020,684,972
KE047,Nairobi,2021,754,571
KE047,Nairobi,2022,661,246
KE047,Nairobi,2023,758,676
KE047,Nairobi,2024,713,641
